epoch,step,val_acc,val_loss
0,126,0.8648250102996826,0.5385379195213318
1,253,0.8683500289916992,0.5033108592033386
2,380,0.8791000247001648,0.46221235394477844
3,381,0.8862000107765198,0.45227691531181335
