epoch,step,val_acc,val_loss
0,126,0.8125500082969666,0.8579660058021545
1,253,0.8457000255584717,0.6388075947761536
2,254,0.854200005531311,0.6317397356033325
