epoch,step,val_acc,val_loss
0,126,0.8859750032424927,0.44184666872024536
1,253,0.887374997138977,0.4266180098056793
2,380,0.885450005531311,0.4176493287086487
3,381,0.8899000287055969,0.4087356626987457
